product_category,total_sales
Cosmetics,36601509.6
"Office Supplies",30585380.07
Household,29889712.289999995
"Baby Food",10350327.6
Clothes,7787292.799999998
Cereal,5322898.9
Meat,4503675.75
"Personal Care",3980904.8400000003
Vegetables,3089057.06
Beverages,2690794.6
Snacks,2080733.46
Fruits,466481.34
