sales_channel,total_sales
Offline,79094809.19999997
Online,58253959.11000001
