year,total_sales
2010,19186024.92
2011,11129166.07
2012,31898644.52
2013,20330448.66
2014,16630214.430000002
2015,12427982.860000001
2016,12372867.219999999
2017,13373419.629999999
